{
    "NAME": "random-20-10.00-0",
    "TYPE": "TSPSD",
    "COMMENT": "20 random locations, 10.000000000000002 goal degree after n/2 deletes",
    "EDGE_WEIGHT_TYPE": "EUC_2D",
    "DIMENSION": 20,
    "GROUPS": [
        15,
        10,
        14,
        14,
        11,
        6,
        12,
        11,
        11,
        15,
        11,
        15,
        10,
        16,
        13,
        10,
        11,
        6,
        6,
        13
    ],
    "GROUPS_SUM": 230,
    "EXP_DEGREE_HALF": 10.077244582043352,
    "EXP_DEGREES": [
        19.0,
        17.85,
        16.768421052631577,
        15.750000000000004,
        14.79023735810113,
        13.88526186790506,
        13.031713106295161,
        12.226640866873066,
        11.467420020639832,
        10.751679566563451,
        10.077244582043352,
        9.442089783281741,
        8.844303405572767,
        8.282060113519066,
        7.753601651186786,
        7.2572239422084674,
        6.791269349845212,
        6.354122807017555,
        5.9442105263157625,
        5.559999999999992,
        5.199999999999999
    ],
    "EXP_REMOVED_EDGES": [
        0.0,
        11.500000000000002,
        22.31578947368423,
        32.49999999999996,
        42.0976264189887,
        51.14738132094941,
        59.68286893704839,
        67.73359133126935,
        75.32579979360167,
        82.48320433436548,
        89.22755417956647,
        95.5791021671826,
        101.55696594427233,
        107.17939886480934,
        112.46398348813214,
        117.42776057791532,
        122.08730650154789,
        126.45877192982445,
        130.55789473684237,
        134.4000000000001,
        138
    ],
    "NODE_COORDS": {
        "1": [
            89,
            46
        ],
        "2": [
            49,
            75
        ],
        "3": [
            75,
            94
        ],
        "4": [
            45,
            55
        ],
        "5": [
            12,
            78
        ],
        "6": [
            89,
            61
        ],
        "7": [
            62,
            61
        ],
        "8": [
            51,
            79
        ],
        "9": [
            44,
            87
        ],
        "10": [
            25,
            12
        ],
        "11": [
            61,
            66
        ],
        "12": [
            27,
            43
        ],
        "13": [
            15,
            74
        ],
        "14": [
            61,
            42
        ],
        "15": [
            39,
            66
        ],
        "16": [
            70,
            30
        ],
        "17": [
            46,
            4
        ],
        "18": [
            61,
            3
        ],
        "19": [
            39,
            7
        ],
        "20": [
            24,
            79
        ]
    },
    "DELETE": {
        "1": [
            [
                "3",
                "13"
            ],
            [
                "6",
                "19"
            ],
            [
                "4",
                "6"
            ],
            [
                "9",
                "16"
            ],
            [
                "17",
                "20"
            ],
            [
                "1",
                "19"
            ],
            [
                "12",
                "16"
            ],
            [
                "1",
                "3"
            ],
            [
                "10",
                "11"
            ],
            [
                "1",
                "10"
            ],
            [
                "4",
                "7"
            ],
            [
                "2",
                "9"
            ],
            [
                "5",
                "11"
            ],
            [
                "3",
                "5"
            ],
            [
                "7",
                "14"
            ]
        ],
        "2": [
            [
                "4",
                "6"
            ],
            [
                "8",
                "20"
            ],
            [
                "7",
                "15"
            ],
            [
                "18",
                "19"
            ],
            [
                "10",
                "12"
            ],
            [
                "5",
                "16"
            ],
            [
                "3",
                "14"
            ],
            [
                "11",
                "18"
            ],
            [
                "11",
                "14"
            ],
            [
                "15",
                "20"
            ]
        ],
        "3": [
            [
                "12",
                "19"
            ],
            [
                "9",
                "19"
            ],
            [
                "3",
                "10"
            ],
            [
                "4",
                "11"
            ],
            [
                "2",
                "17"
            ],
            [
                "13",
                "19"
            ],
            [
                "8",
                "17"
            ],
            [
                "1",
                "5"
            ],
            [
                "3",
                "5"
            ],
            [
                "10",
                "15"
            ],
            [
                "5",
                "15"
            ],
            [
                "7",
                "13"
            ],
            [
                "9",
                "17"
            ],
            [
                "3",
                "7"
            ]
        ],
        "4": [
            [
                "12",
                "18"
            ],
            [
                "2",
                "14"
            ],
            [
                "15",
                "20"
            ],
            [
                "7",
                "9"
            ],
            [
                "15",
                "18"
            ],
            [
                "1",
                "15"
            ],
            [
                "9",
                "19"
            ],
            [
                "15",
                "19"
            ],
            [
                "11",
                "13"
            ],
            [
                "16",
                "19"
            ],
            [
                "5",
                "17"
            ],
            [
                "2",
                "7"
            ],
            [
                "1",
                "5"
            ],
            [
                "13",
                "15"
            ]
        ],
        "5": [
            [
                "11",
                "17"
            ],
            [
                "4",
                "11"
            ],
            [
                "5",
                "18"
            ],
            [
                "7",
                "10"
            ],
            [
                "9",
                "15"
            ],
            [
                "1",
                "13"
            ],
            [
                "5",
                "15"
            ],
            [
                "13",
                "14"
            ],
            [
                "9",
                "18"
            ],
            [
                "3",
                "17"
            ],
            [
                "10",
                "14"
            ]
        ],
        "6": [
            [
                "2",
                "10"
            ],
            [
                "5",
                "7"
            ],
            [
                "6",
                "12"
            ],
            [
                "2",
                "3"
            ],
            [
                "9",
                "12"
            ],
            [
                "6",
                "16"
            ]
        ],