{
    "NAME": "random-10-1.70-0",
    "TYPE": "TSPSD",
    "COMMENT": "10 random locations, 1.7 goal degree after n/2 deletes",
    "EDGE_WEIGHT_TYPE": "EUC_2D",
    "DIMENSION": 10,
    "GROUPS": [
        12,
        10,
        5,
        17,
        10,
        15,
        14,
        21,
        8,
        12
    ],
    "GROUPS_SUM": 124,
    "EXP_DEGREE_HALF": 1.7984126984126974,
    "EXP_DEGREES": [
        9.0,
        6.5200000000000005,
        4.715555555555556,
        3.4083333333333323,
        2.4676190476190483,
        1.7984126984126974,
        1.3314285714285718,
        1.0150000000000006,
        0.8088888888888928,
        0.6800000000000015,
        0.5999999999999996
    ],
    "EXP_REMOVED_EDGES": [
        0.0,
        12.399999999999997,
        21.422222222222217,
        27.95833333333334,
        32.66190476190476,
        36.00793650793651,
        38.34285714285714,
        39.925,
        40.955555555555534,
        41.599999999999994,
        42
    ],
    "NODE_COORDS": {
        "1": [
            17,
            8
        ],
        "2": [
            31,
            36
        ],
        "3": [
            25,
            66
        ],
        "4": [
            34,
            76
        ],
        "5": [
            22,
            93
        ],
        "6": [
            70,
            15
        ],
        "7": [
            18,
            56
        ],
        "8": [
            36,
            10
        ],
        "9": [
            39,
            75
        ],
        "10": [
            87,
            88
        ]
    },
    "DELETE": {
        "1": [
            [
                "1",
                "7"
            ],
            [
                "2",
                "8"
            ],
            [
                "7",
                "9"
            ],
            [
                "5",
                "8"
            ],
            [
                "4",
                "5"
            ],
            [
                "1",
                "4"
            ],
            [
                "4",
                "10"
            ],
            [
                "1",
                "3"
            ],
            [
                "6",
                "9"
            ],
            [
                "2",
                "9"
            ],
            [
                "9",
                "10"
            ],
            [
                "1",
                "9"
            ]
        ],
        "2": [
            [
                "4",
                "6"
            ],
            [
                "2",
                "7"
            ],
            [
                "1",
                "2"
            ],
            [
                "1",
                "7"
            ],
            [
                "2",
                "5"
            ],
            [
                "7",
                "9"
            ],
            [
                "2",
                "9"
            ],
            [
                "1",
                "5"
            ],
            [
                "3",
                "7"
            ],
            [
                "1",
                "6"
            ]
        ],
        "3": [
            [
                "6",
                "9"
            ],
            [
                "1",
                "10"
            ],
            [
                "4",
                "6"
            ],
            [
                "2",
                "6"
            ],
            [
                "2",
                "4"
            ]
        ],
        "4": [
            [
                "1",
                "3"
            ],
            [
                "1",
                "2"
            ],
            [
                "7",
                "8"
            ],
            [
                "1",
                "8"
            ],
            [
                "6",
                "10"
            ],
            [
                "5",
                "8"
            ],
            [
                "1",
                "7"
            ],
            [
                "2",
                "3"
            ],
            [
                "5",
                "6"
            ],
            [
                "9",
                "10"
            ],
            [
                "2",
                "6"
            ],
            [
                "6",
                "9"
            ],
            [
                "4",
                "7"
            ],
            [
                "4",
                "5"
            ],
            [
                "2",
                "8"
            ],
            [
                "5",
                "7"
            ],
            [
                "6",
                "7"
            ]
        ],
        "5": [
            [
                "4",
                "10"
            ],
            [
                "2",
                "8"
            ],
            [
                "6",
                "9"
            ],
            [
                "6",
                "8"
            ],
            [
                "1",
                "8"
            ],
            [
                "5",
                "9"
            ],
            [
                "1",
                "3"
            ],
            [
                "1",
                "5"
            ],
            [
                "4",
                "6"
            ],
            [
                "1",
                "6"
            ]
        ],
        "6": [
            [
                "4",
                "9"
            ],
            [
                "3",
                "5"
            ],
            [
                "2",
                "4"
            ],
            [
                "1",
                "4"
            ],
            [
                "3",
                "4"
            ],
            [
                "3",
                "8"
            ],
            [
                "1",
                "9"
            ],
            [
                "2",
                "10"
            ],
            [
                "1",
                "2"
            ],
            [
                "3",
                "10"
            ],
            [
                "8",
                "10"
            ],
            [
                "5",
                "6"
            ],
            [
                "3",
                "9"
            ],
            [
                "2",
                "7"
            ],
            [
                "6",
                "8"
            ]
        ],
        "7": [
            [
                "6",
                "9"
            ],
            [
                "6",
                "10"
            ],
            [
                "3",
                "5"
            ],
            [
                "4",
                "6"
            ],
            [
                "1",
                "6"
            ],
            [
                "7",
                "10"
            ],
            [
                "5",
                "7"
            ],
            [
                "1",
                "5"
            ],
            [
                "3",
                "10"
            ],
            [
                "2",
                "7"
            ],
            [
                "1",
                "9"
            ],
            [
                "1",
                "7"
            ],
            [
                "7",
                "9"
            ],
            [
                "2",
                "6"
            ]
        ],