{
    "NAME": "random-10-4.10-0",
    "TYPE": "TSPSD",
    "COMMENT": "10 random locations, 4.1000000000000005 goal degree after n/2 deletes",
    "EDGE_WEIGHT_TYPE": "EUC_2D",
    "DIMENSION": 10,
    "GROUPS": [
        5,
        2,
        2,
        9,
        6,
        6,
        6,
        12,
        7,
        6
    ],
    "GROUPS_SUM": 61,
    "EXP_DEGREE_HALF": 4.188095238095237,
    "EXP_DEGREES": [
        9.0,
        7.78,
        6.706666666666667,
        5.761666666666665,
        4.927619047619048,
        4.188095238095237,
        3.527619047619046,
        2.9316666666666675,
        2.386666666666666,
        1.8800000000000026,
        1.4000000000000004
    ],
    "EXP_REMOVED_EDGES": [
        0.0,
        6.099999999999999,
        11.466666666666665,
        16.191666666666674,
        20.36190476190476,
        24.059523809523814,
        27.361904761904768,
        30.34166666666666,
        33.06666666666667,
        35.59999999999999,
        38
    ],
    "NODE_COORDS": {
        "1": [
            17,
            8
        ],
        "2": [
            31,
            36
        ],
        "3": [
            25,
            66
        ],
        "4": [
            34,
            76
        ],
        "5": [
            22,
            93
        ],
        "6": [
            70,
            15
        ],
        "7": [
            18,
            56
        ],
        "8": [
            36,
            10
        ],
        "9": [
            39,
            75
        ],
        "10": [
            87,
            88
        ]
    },
    "DELETE": {
        "1": [
            [
                "1",
                "7"
            ],
            [
                "2",
                "8"
            ],
            [
                "7",
                "9"
            ],
            [
                "5",
                "8"
            ],
            [
                "4",
                "5"
            ]
        ],
        "2": [
            [
                "4",
                "6"
            ],
            [
                "2",
                "7"
            ]
        ],
        "3": [
            [
                "6",
                "9"
            ],
            [
                "1",
                "10"
            ]
        ],
        "4": [
            [
                "1",
                "3"
            ],
            [
                "1",
                "2"
            ],
            [
                "7",
                "8"
            ],
            [
                "1",
                "8"
            ],
            [
                "6",
                "10"
            ],
            [
                "5",
                "8"
            ],
            [
                "1",
                "7"
            ],
            [
                "2",
                "3"
            ],
            [
                "5",
                "6"
            ]
        ],
        "5": [
            [
                "4",
                "10"
            ],
            [
                "2",
                "8"
            ],
            [
                "6",
                "9"
            ],
            [
                "6",
                "8"
            ],
            [
                "1",
                "8"
            ],
            [
                "5",
                "9"
            ]
        ],
        "6": [
            [
                "4",
                "9"
            ],
            [
                "3",
                "5"
            ],
            [
                "2",
                "4"
            ],
            [
                "1",
                "4"
            ],
            [
                "3",
                "4"
            ],
            [
                "3",
                "8"
            ]
        ],
        "7": [
            [
                "6",
                "9"
            ],
            [
                "6",
                "10"
            ],
            [
                "3",
                "5"
            ],
            [
                "4",
                "6"
            ],
            [
                "1",
                "6"
            ],
            [
                "7",
                "10"
            ]
        ],
        "8": [
            [
                "3",
                "5"
            ],
            [
                "2",
                "7"
            ],
            [
                "3",
                "7"
            ],
            [
                "6",
                "10"
            ],
            [
                "5",
                "7"
            ],
            [
                "6",
                "7"
            ],
            [
                "3",
                "9"
            ],
            [
                "8",
                "9"
            ],
            [
                "5",
                "6"
            ],
            [
                "5",
                "8"
            ],
            [
                "1",
                "8"
            ],
            [
                "4",
                "5"
            ]
        ],
        "9": [
            [
                "1",
                "9"
            ],
            [
                "3",
                "9"
            ],
            [
                "1",
                "7"
            ],
            [
                "2",
                "5"
            ],
            [
                "5",
                "9"
            ],
            [
                "2",
                "9"
            ],
            [
                "2",
                "7"
            ]
        ],
        "10": [
            [
                "7",
                "10"
            ],
            [
                "3",
                "9"
            ],
            [
                "3",
                "10"
            ],
            [
                "1",
                "5"
            ],
            [
                "2",
                "7"
            ],
            [
                "4",
                "7"
            ]
        ]
    }
}