{
    "NAME": "random-10-1.20-0",
    "TYPE": "TSPSD",
    "COMMENT": "10 random locations, 1.2 goal degree after n/2 deletes",
    "EDGE_WEIGHT_TYPE": "EUC_2D",
    "DIMENSION": 10,
    "GROUPS": [
        12,
        10,
        8,
        18,
        12,
        16,
        16,
        23,
        10,
        13
    ],
    "GROUPS_SUM": 138,
    "EXP_DEGREE_HALF": 1.2769841269841251,
    "EXP_DEGREES": [
        9.0,
        6.24,
        4.28,
        2.8999999999999986,
        1.9380952380952392,
        1.2769841269841251,
        0.8323809523809533,
        0.5433333333333366,
        0.3644444444444481,
        0.26000000000000156,
        0.1999999999999993
    ],
    "EXP_REMOVED_EDGES": [
        0.0,
        13.799999999999997,
        23.599999999999998,
        30.500000000000007,
        35.3095238095238,
        38.615079365079374,
        40.838095238095235,
        42.28333333333332,
        43.177777777777756,
        43.699999999999996,
        44
    ],
    "NODE_COORDS": {
        "1": [
            17,
            8
        ],
        "2": [
            31,
            36
        ],
        "3": [
            25,
            66
        ],
        "4": [
            34,
            76
        ],
        "5": [
            22,
            93
        ],
        "6": [
            70,
            15
        ],
        "7": [
            18,
            56
        ],
        "8": [
            36,
            10
        ],
        "9": [
            39,
            75
        ],
        "10": [
            87,
            88
        ]
    },
    "DELETE": {
        "1": [
            [
                "1",
                "7"
            ],
            [
                "2",
                "8"
            ],
            [
                "7",
                "9"
            ],
            [
                "5",
                "8"
            ],
            [
                "4",
                "5"
            ],
            [
                "1",
                "4"
            ],
            [
                "4",
                "10"
            ],
            [
                "1",
                "3"
            ],
            [
                "6",
                "9"
            ],
            [
                "2",
                "9"
            ],
            [
                "9",
                "10"
            ],
            [
                "1",
                "9"
            ]
        ],
        "2": [
            [
                "4",
                "6"
            ],
            [
                "2",
                "7"
            ],
            [
                "1",
                "2"
            ],
            [
                "1",
                "7"
            ],
            [
                "2",
                "5"
            ],
            [
                "7",
                "9"
            ],
            [
                "2",
                "9"
            ],
            [
                "1",
                "5"
            ],
            [
                "3",
                "7"
            ],
            [
                "1",
                "6"
            ]
        ],
        "3": [
            [
                "6",
                "9"
            ],
            [
                "1",
                "10"
            ],
            [
                "4",
                "6"
            ],
            [
                "2",
                "6"
            ],
            [
                "2",
                "4"
            ],
            [
                "4",
                "5"
            ],
            [
                "5",
                "10"
            ],
            [
                "9",
                "10"
            ]
        ],
        "4": [
            [
                "1",
                "3"
            ],
            [
                "1",
                "2"
            ],
            [
                "7",
                "8"
            ],
            [
                "1",
                "8"
            ],
            [
                "6",
                "10"
            ],
            [
                "5",
                "8"
            ],
            [
                "1",
                "7"
            ],
            [
                "2",
                "3"
            ],
            [
                "5",
                "6"
            ],
            [
                "9",
                "10"
            ],
            [
                "2",
                "6"
            ],
            [
                "6",
                "9"
            ],
            [
                "4",
                "7"
            ],
            [
                "4",
                "5"
            ],
            [
                "2",
                "8"
            ],
            [
                "5",
                "7"
            ],
            [
                "6",
                "7"
            ],
            [
                "3",
                "8"
            ]
        ],
        "5": [
            [
                "4",
                "10"
            ],
            [
                "2",
                "8"
            ],
            [
                "6",
                "9"
            ],
            [
                "6",
                "8"
            ],
            [
                "1",
                "8"
            ],
            [
                "5",
                "9"
            ],
            [
                "1",
                "3"
            ],
            [
                "1",
                "5"
            ],
            [
                "4",
                "6"
            ],
            [
                "1",
                "6"
            ],
            [
                "3",
                "9"
            ],
            [
                "8",
                "9"
            ]
        ],
        "6": [
            [
                "4",
                "9"
            ],
            [
                "3",
                "5"
            ],
            [
                "2",
                "4"
            ],
            [
                "1",
                "4"
            ],
            [
                "3",
                "4"
            ],
            [
                "3",
                "8"
            ],
            [
                "1",
                "9"
            ],
            [
                "2",
                "10"
            ],
            [
                "1",
                "2"
            ],
            [
                "3",
                "10"
            ],
            [
                "8",
                "10"
            ],
            [
                "5",
                "6"
            ],
            [
                "3",
                "9"
            ],
            [
                "2",
                "7"
            ],
            [
                "6",
                "8"
            ],
            [
                "4",
                "5"
            ]
        ],