{
    "NAME": "random-10-4.40-0",
    "TYPE": "TSPSD",
    "COMMENT": "10 random locations, 4.4 goal degree after n/2 deletes",
    "EDGE_WEIGHT_TYPE": "EUC_2D",
    "DIMENSION": 10,
    "GROUPS": [
        5,
        2,
        1,
        9,
        5,
        6,
        5,
        10,
        6,
        6
    ],
    "GROUPS_SUM": 55,
    "EXP_DEGREE_HALF": 4.494444444444444,
    "EXP_DEGREES": [
        9.0,
        7.9,
        6.911111111111111,
        6.021666666666665,
        5.220000000000001,
        4.494444444444444,
        3.8333333333333313,
        3.2250000000000014,
        2.657777777777775,
        2.1200000000000028,
        1.5999999999999996
    ],
    "EXP_REMOVED_EDGES": [
        0.0,
        5.499999999999998,
        10.444444444444441,
        14.891666666666675,
        18.9,
        22.527777777777782,
        25.833333333333343,
        28.874999999999993,
        31.711111111111126,
        34.399999999999984,
        37
    ],
    "NODE_COORDS": {
        "1": [
            17,
            8
        ],
        "2": [
            31,
            36
        ],
        "3": [
            25,
            66
        ],
        "4": [
            34,
            76
        ],
        "5": [
            22,
            93
        ],
        "6": [
            70,
            15
        ],
        "7": [
            18,
            56
        ],
        "8": [
            36,
            10
        ],
        "9": [
            39,
            75
        ],
        "10": [
            87,
            88
        ]
    },
    "DELETE": {
        "1": [
            [
                "1",
                "7"
            ],
            [
                "2",
                "8"
            ],
            [
                "7",
                "9"
            ],
            [
                "5",
                "8"
            ],
            [
                "4",
                "5"
            ]
        ],
        "2": [
            [
                "4",
                "6"
            ],
            [
                "2",
                "7"
            ]
        ],
        "3": [
            [
                "6",
                "9"
            ]
        ],
        "4": [
            [
                "1",
                "3"
            ],
            [
                "1",
                "2"
            ],
            [
                "7",
                "8"
            ],
            [
                "1",
                "8"
            ],
            [
                "6",
                "10"
            ],
            [
                "5",
                "8"
            ],
            [
                "1",
                "7"
            ],
            [
                "2",
                "3"
            ],
            [
                "5",
                "6"
            ]
        ],
        "5": [
            [
                "4",
                "10"
            ],
            [
                "2",
                "8"
            ],
            [
                "6",
                "9"
            ],
            [
                "6",
                "8"
            ],
            [
                "1",
                "8"
            ]
        ],
        "6": [
            [
                "4",
                "9"
            ],
            [
                "3",
                "5"
            ],
            [
                "2",
                "4"
            ],
            [
                "1",
                "4"
            ],
            [
                "3",
                "4"
            ],
            [
                "3",
                "8"
            ]
        ],
        "7": [
            [
                "6",
                "9"
            ],
            [
                "6",
                "10"
            ],
            [
                "3",
                "5"
            ],
            [
                "4",
                "6"
            ],
            [
                "1",
                "6"
            ]
        ],
        "8": [
            [
                "3",
                "5"
            ],
            [
                "2",
                "7"
            ],
            [
                "3",
                "7"
            ],
            [
                "6",
                "10"
            ],
            [
                "5",
                "7"
            ],
            [
                "6",
                "7"
            ],
            [
                "3",
                "9"
            ],
            [
                "8",
                "9"
            ],
            [
                "5",
                "6"
            ],
            [
                "5",
                "8"
            ]
        ],
        "9": [
            [
                "1",
                "9"
            ],
            [
                "3",
                "9"
            ],
            [
                "1",
                "7"
            ],
            [
                "2",
                "5"
            ],
            [
                "5",
                "9"
            ],
            [
                "2",
                "9"
            ]
        ],
        "10": [
            [
                "7",
                "10"
            ],
            [
                "3",
                "9"
            ],
            [
                "3",
                "10"
            ],
            [
                "1",
                "5"
            ],
            [
                "2",
                "7"
            ],
            [
                "4",
                "7"
            ]
        ]
    }
}