{
    "NAME": "random-10-4.80-0",
    "TYPE": "TSPSD",
    "COMMENT": "10 random locations, 4.800000000000001 goal degree after n/2 deletes",
    "EDGE_WEIGHT_TYPE": "EUC_2D",
    "DIMENSION": 10,
    "GROUPS": [
        5,
        1,
        1,
        8,
        4,
        6,
        4,
        9,
        5,
        6
    ],
    "GROUPS_SUM": 49,
    "EXP_DEGREE_HALF": 4.861111111111111,
    "EXP_DEGREES": [
        9.0,
        8.02,
        7.124444444444444,
        6.304999999999999,
        5.553333333333333,
        4.861111111111111,
        4.219999999999999,
        3.621666666666668,
        3.0577777777777753,
        2.520000000000003,
        2.0
    ],
    "EXP_REMOVED_EDGES": [
        0.0,
        4.8999999999999995,
        9.377777777777776,
        13.475000000000007,
        17.233333333333334,
        20.694444444444446,
        23.900000000000006,
        26.89166666666666,
        29.711111111111123,
        32.399999999999984,
        35
    ],
    "NODE_COORDS": {
        "1": [
            17,
            8
        ],
        "2": [
            31,
            36
        ],
        "3": [
            25,
            66
        ],
        "4": [
            34,
            76
        ],
        "5": [
            22,
            93
        ],
        "6": [
            70,
            15
        ],
        "7": [
            18,
            56
        ],
        "8": [
            36,
            10
        ],
        "9": [
            39,
            75
        ],
        "10": [
            87,
            88
        ]
    },
    "DELETE": {
        "1": [
            [
                "1",
                "7"
            ],
            [
                "2",
                "8"
            ],
            [
                "7",
                "9"
            ],
            [
                "5",
                "8"
            ],
            [
                "4",
                "5"
            ]
        ],
        "2": [
            [
                "4",
                "6"
            ]
        ],
        "3": [
            [
                "6",
                "9"
            ]
        ],
        "4": [
            [
                "1",
                "3"
            ],
            [
                "1",
                "2"
            ],
            [
                "7",
                "8"
            ],
            [
                "1",
                "8"
            ],
            [
                "6",
                "10"
            ],
            [
                "5",
                "8"
            ],
            [
                "1",
                "7"
            ],
            [
                "2",
                "3"
            ]
        ],
        "5": [
            [
                "4",
                "10"
            ],
            [
                "2",
                "8"
            ],
            [
                "6",
                "9"
            ],
            [
                "6",
                "8"
            ]
        ],
        "6": [
            [
                "4",
                "9"
            ],
            [
                "3",
                "5"
            ],
            [
                "2",
                "4"
            ],
            [
                "1",
                "4"
            ],
            [
                "3",
                "4"
            ],
            [
                "3",
                "8"
            ]
        ],
        "7": [
            [
                "6",
                "9"
            ],
            [
                "6",
                "10"
            ],
            [
                "3",
                "5"
            ],
            [
                "4",
                "6"
            ]
        ],
        "8": [
            [
                "3",
                "5"
            ],
            [
                "2",
                "7"
            ],
            [
                "3",
                "7"
            ],
            [
                "6",
                "10"
            ],
            [
                "5",
                "7"
            ],
            [
                "6",
                "7"
            ],
            [
                "3",
                "9"
            ],
            [
                "8",
                "9"
            ],
            [
                "5",
                "6"
            ]
        ],
        "9": [
            [
                "1",
                "9"
            ],
            [
                "3",
                "9"
            ],
            [
                "1",
                "7"
            ],
            [
                "2",
                "5"
            ],
            [
                "5",
                "9"
            ]
        ],
        "10": [
            [
                "7",
                "10"
            ],
            [
                "3",
                "9"
            ],
            [
                "3",
                "10"
            ],
            [
                "1",
                "5"
            ],
            [
                "2",
                "7"
            ],
            [
                "4",
                "7"
            ]
        ]
    }
}