{
    "NAME": "random-10-0.50-0",
    "TYPE": "TSPSD",
    "COMMENT": "10 random locations, 0.5000000000000001 goal degree after n/2 deletes",
    "EDGE_WEIGHT_TYPE": "EUC_2D",
    "DIMENSION": 10,
    "GROUPS": [
        18,
        16,
        15,
        24,
        19,
        19,
        22,
        25,
        13,
        19
    ],
    "GROUPS_SUM": 190,
    "EXP_DEGREE_HALF": 0.5785714285714292,
    "EXP_DEGREES": [
        9.0,
        5.2,
        3.0044444444444416,
        1.7383333333333342,
        1.005714285714289,
        0.5785714285714292,
        0.3276190476190468,
        0.17999999999999972,
        0.09333333333333371,
        0.040000000000000924,
        0.0
    ],
    "EXP_REMOVED_EDGES": [
        0.0,
        19.0,
        29.977777777777792,
        36.30833333333333,
        39.971428571428554,
        42.107142857142854,
        43.36190476190477,
        44.1,
        44.53333333333333,
        44.8,
        45
    ],
    "NODE_COORDS": {
        "1": [
            17,
            8
        ],
        "2": [
            31,
            36
        ],
        "3": [
            25,
            66
        ],
        "4": [
            34,
            76
        ],
        "5": [
            22,
            93
        ],
        "6": [
            70,
            15
        ],
        "7": [
            18,
            56
        ],
        "8": [
            36,
            10
        ],
        "9": [
            39,
            75
        ],
        "10": [
            87,
            88
        ]
    },
    "DELETE": {
        "1": [
            [
                "1",
                "7"
            ],
            [
                "2",
                "8"
            ],
            [
                "7",
                "9"
            ],
            [
                "5",
                "8"
            ],
            [
                "4",
                "5"
            ],
            [
                "1",
                "4"
            ],
            [
                "4",
                "10"
            ],
            [
                "1",
                "3"
            ],
            [
                "6",
                "9"
            ],
            [
                "2",
                "9"
            ],
            [
                "9",
                "10"
            ],
            [
                "1",
                "9"
            ],
            [
                "3",
                "9"
            ],
            [
                "2",
                "5"
            ],
            [
                "5",
                "9"
            ],
            [
                "3",
                "8"
            ],
            [
                "4",
                "7"
            ],
            [
                "3",
                "10"
            ]
        ],
        "2": [
            [
                "4",
                "6"
            ],
            [
                "2",
                "7"
            ],
            [
                "1",
                "2"
            ],
            [
                "1",
                "7"
            ],
            [
                "2",
                "5"
            ],
            [
                "7",
                "9"
            ],
            [
                "2",
                "9"
            ],
            [
                "1",
                "5"
            ],
            [
                "3",
                "7"
            ],
            [
                "1",
                "6"
            ],
            [
                "3",
                "6"
            ],
            [
                "4",
                "5"
            ],
            [
                "6",
                "10"
            ],
            [
                "4",
                "7"
            ],
            [
                "4",
                "10"
            ],
            [
                "9",
                "10"
            ]
        ],
        "3": [
            [
                "6",
                "9"
            ],
            [
                "1",
                "10"
            ],
            [
                "4",
                "6"
            ],
            [
                "2",
                "6"
            ],
            [
                "2",
                "4"
            ],
            [
                "4",
                "5"
            ],
            [
                "5",
                "10"
            ],
            [
                "9",
                "10"
            ],
            [
                "4",
                "10"
            ],
            [
                "2",
                "3"
            ],
            [
                "6",
                "8"
            ],
            [
                "5",
                "8"
            ],
            [
                "7",
                "9"
            ],
            [
                "5",
                "6"
            ],
            [
                "5",
                "7"
            ]
        ],
        "4": [
            [
                "1",
                "3"
            ],
            [
                "1",
                "2"
            ],
            [
                "7",
                "8"
            ],
            [
                "1",
                "8"
            ],
            [
                "6",
                "10"
            ],
            [
                "5",
                "8"
            ],
            [
                "1",
                "7"
            ],
            [
                "2",
                "3"
            ],
            [
                "5",
                "6"
            ],
            [
                "9",
                "10"
            ],
            [
                "2",
                "6"
            ],
            [
                "6",
                "9"
            ],
            [
                "4",
                "7"
            ],
            [
                "4",
                "5"
            ],
            [
                "2",
                "8"
            ],
            [
                "5",
                "7"
            ],
            [
                "6",
                "7"
            ],
            [
                "3",
                "8"
            ],
            [
                "1",
                "10"
            ],
            [
                "3",
                "7"
            ],
            [
                "2",
                "10"
            ],
            [
                "7",
                "10"
            ],
            [
                "3",
                "10"
            ],
            [
                "3",
                "4"
            ]
        ],