{
    "NAME": "random-10-3.20-0",
    "TYPE": "TSPSD",
    "COMMENT": "10 random locations, 3.2 goal degree after n/2 deletes",
    "EDGE_WEIGHT_TYPE": "EUC_2D",
    "DIMENSION": 10,
    "GROUPS": [
        6,
        4,
        2,
        12,
        8,
        9,
        9,
        15,
        7,
        6
    ],
    "GROUPS_SUM": 78,
    "EXP_DEGREE_HALF": 3.28095238095238,
    "EXP_DEGREES": [
        9.0,
        7.44,
        6.12,
        5.006666666666665,
        4.069523809523811,
        3.28095238095238,
        2.616190476190474,
        2.0533333333333346,
        1.573333333333335,
        1.160000000000002,
        0.8000000000000007
    ],
    "EXP_REMOVED_EDGES": [
        0.0,
        7.799999999999999,
        14.399999999999999,
        19.966666666666676,
        24.652380952380945,
        28.595238095238102,
        31.919047619047628,
        34.73333333333333,
        37.133333333333326,
        39.19999999999999,
        41
    ],
    "NODE_COORDS": {
        "1": [
            17,
            8
        ],
        "2": [
            31,
            36
        ],
        "3": [
            25,
            66
        ],
        "4": [
            34,
            76
        ],
        "5": [
            22,
            93
        ],
        "6": [
            70,
            15
        ],
        "7": [
            18,
            56
        ],
        "8": [
            36,
            10
        ],
        "9": [
            39,
            75
        ],
        "10": [
            87,
            88
        ]
    },
    "DELETE": {
        "1": [
            [
                "1",
                "7"
            ],
            [
                "2",
                "8"
            ],
            [
                "7",
                "9"
            ],
            [
                "5",
                "8"
            ],
            [
                "4",
                "5"
            ],
            [
                "1",
                "4"
            ]
        ],
        "2": [
            [
                "4",
                "6"
            ],
            [
                "2",
                "7"
            ],
            [
                "1",
                "2"
            ],
            [
                "1",
                "7"
            ]
        ],
        "3": [
            [
                "6",
                "9"
            ],
            [
                "1",
                "10"
            ]
        ],
        "4": [
            [
                "1",
                "3"
            ],
            [
                "1",
                "2"
            ],
            [
                "7",
                "8"
            ],
            [
                "1",
                "8"
            ],
            [
                "6",
                "10"
            ],
            [
                "5",
                "8"
            ],
            [
                "1",
                "7"
            ],
            [
                "2",
                "3"
            ],
            [
                "5",
                "6"
            ],
            [
                "9",
                "10"
            ],
            [
                "2",
                "6"
            ],
            [
                "6",
                "9"
            ]
        ],
        "5": [
            [
                "4",
                "10"
            ],
            [
                "2",
                "8"
            ],
            [
                "6",
                "9"
            ],
            [
                "6",
                "8"
            ],
            [
                "1",
                "8"
            ],
            [
                "5",
                "9"
            ],
            [
                "1",
                "3"
            ],
            [
                "1",
                "5"
            ]
        ],
        "6": [
            [
                "4",
                "9"
            ],
            [
                "3",
                "5"
            ],
            [
                "2",
                "4"
            ],
            [
                "1",
                "4"
            ],
            [
                "3",
                "4"
            ],
            [
                "3",
                "8"
            ],
            [
                "1",
                "9"
            ],
            [
                "2",
                "10"
            ],
            [
                "1",
                "2"
            ]
        ],
        "7": [
            [
                "6",
                "9"
            ],
            [
                "6",
                "10"
            ],
            [
                "3",
                "5"
            ],
            [
                "4",
                "6"
            ],
            [
                "1",
                "6"
            ],
            [
                "7",
                "10"
            ],
            [
                "5",
                "7"
            ],
            [
                "1",
                "5"
            ],
            [
                "3",
                "10"
            ]
        ],
        "8": [
            [
                "3",
                "5"
            ],
            [
                "2",
                "7"
            ],
            [
                "3",
                "7"
            ],
            [
                "6",
                "10"
            ],
            [
                "5",
                "7"
            ],
            [
                "6",
                "7"
            ],
            [
                "3",
                "9"
            ],
            [
                "8",
                "9"
            ],
            [
                "5",
                "6"
            ],
            [
                "5",
                "8"
            ],
            [
                "1",
                "8"
            ],
            [
                "4",
                "5"
            ],
            [
                "4",
                "7"
            ],
            [
                "1",
                "3"
            ],
            [
                "2",
                "4"
            ]
        ],
        "9": [
            [
                "1",
                "9"
            ],
            [
                "3",
                "9"
            ],
            [
                "1",
                "7"
            ],
            [
                "2",
                "5"
            ],
            [
                "5",
                "9"
            ],
            [
                "2",
                "9"
            ],
            [
                "2",
                "7"
            ]
        ],
        "10": [
            [
                "7",
                "10"
            ],
            [
                "3",
                "9"
            ],
            [
                "3",
                "10"
            ],
            [
                "1",
                "5"
            ],
            [
                "2",
                "7"
            ],
            [
                "4",
                "7"
            ]
        ]
    }
}