{
    "NAME": "random-10-2.60-0",
    "TYPE": "TSPSD",
    "COMMENT": "10 random locations, 2.6 goal degree after n/2 deletes",
    "EDGE_WEIGHT_TYPE": "EUC_2D",
    "DIMENSION": 10,
    "GROUPS": [
        7,
        4,
        4,
        14,
        9,
        12,
        11,
        18,
        7,
        8
    ],
    "GROUPS_SUM": 94,
    "EXP_DEGREE_HALF": 2.6809523809523785,
    "EXP_DEGREES": [
        9.0,
        7.120000000000001,
        5.60888888888889,
        4.401666666666665,
        3.4419047619047642,
        2.6809523809523785,
        2.0771428571428574,
        1.594999999999997,
        1.204444444444448,
        0.8800000000000026,
        0.5999999999999996
    ],
    "EXP_REMOVED_EDGES": [
        0.0,
        9.399999999999997,
        16.95555555555555,
        22.991666666666678,
        27.790476190476177,
        31.595238095238106,
        34.614285714285714,
        37.02500000000001,
        38.97777777777776,
        40.59999999999999,
        42
    ],
    "NODE_COORDS": {
        "1": [
            17,
            8
        ],
        "2": [
            31,
            36
        ],
        "3": [
            25,
            66
        ],
        "4": [
            34,
            76
        ],
        "5": [
            22,
            93
        ],
        "6": [
            70,
            15
        ],
        "7": [
            18,
            56
        ],
        "8": [
            36,
            10
        ],
        "9": [
            39,
            75
        ],
        "10": [
            87,
            88
        ]
    },
    "DELETE": {
        "1": [
            [
                "1",
                "7"
            ],
            [
                "2",
                "8"
            ],
            [
                "7",
                "9"
            ],
            [
                "5",
                "8"
            ],
            [
                "4",
                "5"
            ],
            [
                "1",
                "4"
            ],
            [
                "4",
                "10"
            ]
        ],
        "2": [
            [
                "4",
                "6"
            ],
            [
                "2",
                "7"
            ],
            [
                "1",
                "2"
            ],
            [
                "1",
                "7"
            ]
        ],
        "3": [
            [
                "6",
                "9"
            ],
            [
                "1",
                "10"
            ],
            [
                "4",
                "6"
            ],
            [
                "2",
                "6"
            ]
        ],
        "4": [
            [
                "1",
                "3"
            ],
            [
                "1",
                "2"
            ],
            [
                "7",
                "8"
            ],
            [
                "1",
                "8"
            ],
            [
                "6",
                "10"
            ],
            [
                "5",
                "8"
            ],
            [
                "1",
                "7"
            ],
            [
                "2",
                "3"
            ],
            [
                "5",
                "6"
            ],
            [
                "9",
                "10"
            ],
            [
                "2",
                "6"
            ],
            [
                "6",
                "9"
            ],
            [
                "4",
                "7"
            ],
            [
                "4",
                "5"
            ]
        ],
        "5": [
            [
                "4",
                "10"
            ],
            [
                "2",
                "8"
            ],
            [
                "6",
                "9"
            ],
            [
                "6",
                "8"
            ],
            [
                "1",
                "8"
            ],
            [
                "5",
                "9"
            ],
            [
                "1",
                "3"
            ],
            [
                "1",
                "5"
            ],
            [
                "4",
                "6"
            ]
        ],
        "6": [
            [
                "4",
                "9"
            ],
            [
                "3",
                "5"
            ],
            [
                "2",
                "4"
            ],
            [
                "1",
                "4"
            ],
            [
                "3",
                "4"
            ],
            [
                "3",
                "8"
            ],
            [
                "1",
                "9"
            ],
            [
                "2",
                "10"
            ],
            [
                "1",
                "2"
            ],
            [
                "3",
                "10"
            ],
            [
                "8",
                "10"
            ],
            [
                "5",
                "6"
            ]
        ],
        "7": [
            [
                "6",
                "9"
            ],
            [
                "6",
                "10"
            ],
            [
                "3",
                "5"
            ],
            [
                "4",
                "6"
            ],
            [
                "1",
                "6"
            ],
            [
                "7",
                "10"
            ],
            [
                "5",
                "7"
            ],
            [
                "1",
                "5"
            ],
            [
                "3",
                "10"
            ],
            [
                "2",
                "7"
            ],
            [
                "1",
                "9"
            ]
        ],
        "8": [
            [
                "3",
                "5"
            ],
            [
                "2",
                "7"
            ],
            [
                "3",
                "7"
            ],
            [
                "6",
                "10"
            ],
            [
                "5",
                "7"
            ],
            [
                "6",
                "7"
            ],
            [
                "3",
                "9"
            ],
            [
                "8",
                "9"
            ],
            [
                "5",
                "6"
            ],
            [
                "5",
                "8"
            ],
            [
                "1",
                "8"
            ],
            [
                "4",
                "5"
            ],
            [
                "4",
                "7"
            ],
            [
                "1",
                "3"
            ],
            [
                "2",
                "4"
            ],
            [
                "1",
                "2"
            ],
            [
                "1",
                "4"
            ],
            [
                "2",
                "10"
            ]
        ],
        "9": [
            [
                "1",
                "9"
            ],
            [
                "3",
                "9"
            ],
            [
                "1",
                "7"
            ],
            [
                "2",
                "5"
            ],
            [
                "5",
                "9"
            ],
            [
                "2",
                "9"
            ],
            [
                "2",
                "7"
            ]
        ],