{
    "NAME": "random-10-1.60-0",
    "TYPE": "TSPSD",
    "COMMENT": "10 random locations, 1.6 goal degree after n/2 deletes",
    "EDGE_WEIGHT_TYPE": "EUC_2D",
    "DIMENSION": 10,
    "GROUPS": [
        12,
        10,
        5,
        17,
        11,
        15,
        16,
        21,
        9,
        12
    ],
    "GROUPS_SUM": 128,
    "EXP_DEGREE_HALF": 1.6992063492063476,
    "EXP_DEGREES": [
        9.0,
        6.44,
        4.6000000000000005,
        3.2849999999999993,
        2.352380952380953,
        1.6992063492063476,
        1.2514285714285718,
        0.9550000000000018,
        0.7688888888888918,
        0.6600000000000001,
        0.5999999999999996
    ],
    "EXP_REMOVED_EDGES": [
        0.0,
        12.799999999999997,
        21.999999999999996,
        28.575000000000003,
        33.238095238095234,
        36.50396825396826,
        38.74285714285714,
        40.224999999999994,
        41.15555555555554,
        41.699999999999996,
        42
    ],
    "NODE_COORDS": {
        "1": [
            17,
            8
        ],
        "2": [
            31,
            36
        ],
        "3": [
            25,
            66
        ],
        "4": [
            34,
            76
        ],
        "5": [
            22,
            93
        ],
        "6": [
            70,
            15
        ],
        "7": [
            18,
            56
        ],
        "8": [
            36,
            10
        ],
        "9": [
            39,
            75
        ],
        "10": [
            87,
            88
        ]
    },
    "DELETE": {
        "1": [
            [
                "1",
                "7"
            ],
            [
                "2",
                "8"
            ],
            [
                "7",
                "9"
            ],
            [
                "5",
                "8"
            ],
            [
                "4",
                "5"
            ],
            [
                "1",
                "4"
            ],
            [
                "4",
                "10"
            ],
            [
                "1",
                "3"
            ],
            [
                "6",
                "9"
            ],
            [
                "2",
                "9"
            ],
            [
                "9",
                "10"
            ],
            [
                "1",
                "9"
            ]
        ],
        "2": [
            [
                "4",
                "6"
            ],
            [
                "2",
                "7"
            ],
            [
                "1",
                "2"
            ],
            [
                "1",
                "7"
            ],
            [
                "2",
                "5"
            ],
            [
                "7",
                "9"
            ],
            [
                "2",
                "9"
            ],
            [
                "1",
                "5"
            ],
            [
                "3",
                "7"
            ],
            [
                "1",
                "6"
            ]
        ],
        "3": [
            [
                "6",
                "9"
            ],
            [
                "1",
                "10"
            ],
            [
                "4",
                "6"
            ],
            [
                "2",
                "6"
            ],
            [
                "2",
                "4"
            ]
        ],
        "4": [
            [
                "1",
                "3"
            ],
            [
                "1",
                "2"
            ],
            [
                "7",
                "8"
            ],
            [
                "1",
                "8"
            ],
            [
                "6",
                "10"
            ],
            [
                "5",
                "8"
            ],
            [
                "1",
                "7"
            ],
            [
                "2",
                "3"
            ],
            [
                "5",
                "6"
            ],
            [
                "9",
                "10"
            ],
            [
                "2",
                "6"
            ],
            [
                "6",
                "9"
            ],
            [
                "4",
                "7"
            ],
            [
                "4",
                "5"
            ],
            [
                "2",
                "8"
            ],
            [
                "5",
                "7"
            ],
            [
                "6",
                "7"
            ]
        ],
        "5": [
            [
                "4",
                "10"
            ],
            [
                "2",
                "8"
            ],
            [
                "6",
                "9"
            ],
            [
                "6",
                "8"
            ],
            [
                "1",
                "8"
            ],
            [
                "5",
                "9"
            ],
            [
                "1",
                "3"
            ],
            [
                "1",
                "5"
            ],
            [
                "4",
                "6"
            ],
            [
                "1",
                "6"
            ],
            [
                "3",
                "9"
            ]
        ],
        "6": [
            [
                "4",
                "9"
            ],
            [
                "3",
                "5"
            ],
            [
                "2",
                "4"
            ],
            [
                "1",
                "4"
            ],
            [
                "3",
                "4"
            ],
            [
                "3",
                "8"
            ],
            [
                "1",
                "9"
            ],
            [
                "2",
                "10"
            ],
            [
                "1",
                "2"
            ],
            [
                "3",
                "10"
            ],
            [
                "8",
                "10"
            ],
            [
                "5",
                "6"
            ],
            [
                "3",
                "9"
            ],
            [
                "2",
                "7"
            ],
            [
                "6",
                "8"
            ]
        ],
        "7": [
            [
                "6",
                "9"
            ],
            [
                "6",
                "10"
            ],
            [
                "3",
                "5"
            ],
            [
                "4",
                "6"
            ],
            [
                "1",
                "6"
            ],
            [
                "7",
                "10"
            ],
            [
                "5",
                "7"
            ],
            [
                "1",
                "5"
            ],
            [
                "3",
                "10"
            ],
            [
                "2",
                "7"
            ],
            [
                "1",
                "9"
            ],
            [
                "1",
                "7"
            ],
            [
                "7",
                "9"
            ],
            [
                "2",
                "6"
            ],
            [
                "5",
                "8"
            ],
            [
                "4",
                "10"
            ]
        ],