{
    "NAME": "random-10-1.80-0",
    "TYPE": "TSPSD",
    "COMMENT": "10 random locations, 1.8 goal degree after n/2 deletes",
    "EDGE_WEIGHT_TYPE": "EUC_2D",
    "DIMENSION": 10,
    "GROUPS": [
        12,
        10,
        5,
        17,
        9,
        15,
        14,
        20,
        8,
        12
    ],
    "GROUPS_SUM": 122,
    "EXP_DEGREE_HALF": 1.8539682539682527,
    "EXP_DEGREES": [
        9.0,
        6.5600000000000005,
        4.7777777777777795,
        3.4783333333333317,
        2.5342857142857156,
        1.8539682539682527,
        1.3714285714285719,
        1.038333333333334,
        0.8177777777777813,
        0.6800000000000015,
        0.5999999999999996
    ],
    "EXP_REMOVED_EDGES": [
        0.0,
        12.199999999999996,
        21.111111111111104,
        27.60833333333334,
        32.32857142857142,
        35.730158730158735,
        38.14285714285714,
        39.80833333333333,
        40.91111111111109,
        41.599999999999994,
        42
    ],
    "NODE_COORDS": {
        "1": [
            17,
            8
        ],
        "2": [
            31,
            36
        ],
        "3": [
            25,
            66
        ],
        "4": [
            34,
            76
        ],
        "5": [
            22,
            93
        ],
        "6": [
            70,
            15
        ],
        "7": [
            18,
            56
        ],
        "8": [
            36,
            10
        ],
        "9": [
            39,
            75
        ],
        "10": [
            87,
            88
        ]
    },
    "DELETE": {
        "1": [
            [
                "1",
                "7"
            ],
            [
                "2",
                "8"
            ],
            [
                "7",
                "9"
            ],
            [
                "5",
                "8"
            ],
            [
                "4",
                "5"
            ],
            [
                "1",
                "4"
            ],
            [
                "4",
                "10"
            ],
            [
                "1",
                "3"
            ],
            [
                "6",
                "9"
            ],
            [
                "2",
                "9"
            ],
            [
                "9",
                "10"
            ],
            [
                "1",
                "9"
            ]
        ],
        "2": [
            [
                "4",
                "6"
            ],
            [
                "2",
                "7"
            ],
            [
                "1",
                "2"
            ],
            [
                "1",
                "7"
            ],
            [
                "2",
                "5"
            ],
            [
                "7",
                "9"
            ],
            [
                "2",
                "9"
            ],
            [
                "1",
                "5"
            ],
            [
                "3",
                "7"
            ],
            [
                "1",
                "6"
            ]
        ],
        "3": [
            [
                "6",
                "9"
            ],
            [
                "1",
                "10"
            ],
            [
                "4",
                "6"
            ],
            [
                "2",
                "6"
            ],
            [
                "2",
                "4"
            ]
        ],
        "4": [
            [
                "1",
                "3"
            ],
            [
                "1",
                "2"
            ],
            [
                "7",
                "8"
            ],
            [
                "1",
                "8"
            ],
            [
                "6",
                "10"
            ],
            [
                "5",
                "8"
            ],
            [
                "1",
                "7"
            ],
            [
                "2",
                "3"
            ],
            [
                "5",
                "6"
            ],
            [
                "9",
                "10"
            ],
            [
                "2",
                "6"
            ],
            [
                "6",
                "9"
            ],
            [
                "4",
                "7"
            ],
            [
                "4",
                "5"
            ],
            [
                "2",
                "8"
            ],
            [
                "5",
                "7"
            ],
            [
                "6",
                "7"
            ]
        ],
        "5": [
            [
                "4",
                "10"
            ],
            [
                "2",
                "8"
            ],
            [
                "6",
                "9"
            ],
            [
                "6",
                "8"
            ],
            [
                "1",
                "8"
            ],
            [
                "5",
                "9"
            ],
            [
                "1",
                "3"
            ],
            [
                "1",
                "5"
            ],
            [
                "4",
                "6"
            ]
        ],
        "6": [
            [
                "4",
                "9"
            ],
            [
                "3",
                "5"
            ],
            [
                "2",
                "4"
            ],
            [
                "1",
                "4"
            ],
            [
                "3",
                "4"
            ],
            [
                "3",
                "8"
            ],
            [
                "1",
                "9"
            ],
            [
                "2",
                "10"
            ],
            [
                "1",
                "2"
            ],
            [
                "3",
                "10"
            ],
            [
                "8",
                "10"
            ],
            [
                "5",
                "6"
            ],
            [
                "3",
                "9"
            ],
            [
                "2",
                "7"
            ],
            [
                "6",
                "8"
            ]
        ],
        "7": [
            [
                "6",
                "9"
            ],
            [
                "6",
                "10"
            ],
            [
                "3",
                "5"
            ],
            [
                "4",
                "6"
            ],
            [
                "1",
                "6"
            ],
            [
                "7",
                "10"
            ],
            [
                "5",
                "7"
            ],
            [
                "1",
                "5"
            ],
            [
                "3",
                "10"
            ],
            [
                "2",
                "7"
            ],
            [
                "1",
                "9"
            ],
            [
                "1",
                "7"
            ],
            [
                "7",
                "9"
            ],
            [
                "2",
                "6"
            ]
        ],