{
    "NAME": "random-10-2.70-0",
    "TYPE": "TSPSD",
    "COMMENT": "10 random locations, 2.7 goal degree after n/2 deletes",
    "EDGE_WEIGHT_TYPE": "EUC_2D",
    "DIMENSION": 10,
    "GROUPS": [
        7,
        4,
        3,
        14,
        9,
        11,
        11,
        18,
        7,
        8
    ],
    "GROUPS_SUM": 92,
    "EXP_DEGREE_HALF": 2.7642857142857125,
    "EXP_DEGREES": [
        9.0,
        7.16,
        5.675555555555556,
        4.483333333333331,
        3.5285714285714302,
        2.7642857142857125,
        2.1504761904761907,
        1.6533333333333315,
        1.2444444444444471,
        0.9000000000000021,
        0.5999999999999996
    ],
    "EXP_REMOVED_EDGES": [
        0.0,
        9.199999999999998,
        16.622222222222216,
        22.583333333333346,
        27.357142857142847,
        31.178571428571438,
        34.24761904761905,
        36.73333333333334,
        38.777777777777764,
        40.499999999999986,
        42
    ],
    "NODE_COORDS": {
        "1": [
            17,
            8
        ],
        "2": [
            31,
            36
        ],
        "3": [
            25,
            66
        ],
        "4": [
            34,
            76
        ],
        "5": [
            22,
            93
        ],
        "6": [
            70,
            15
        ],
        "7": [
            18,
            56
        ],
        "8": [
            36,
            10
        ],
        "9": [
            39,
            75
        ],
        "10": [
            87,
            88
        ]
    },
    "DELETE": {
        "1": [
            [
                "1",
                "7"
            ],
            [
                "2",
                "8"
            ],
            [
                "7",
                "9"
            ],
            [
                "5",
                "8"
            ],
            [
                "4",
                "5"
            ],
            [
                "1",
                "4"
            ],
            [
                "4",
                "10"
            ]
        ],
        "2": [
            [
                "4",
                "6"
            ],
            [
                "2",
                "7"
            ],
            [
                "1",
                "2"
            ],
            [
                "1",
                "7"
            ]
        ],
        "3": [
            [
                "6",
                "9"
            ],
            [
                "1",
                "10"
            ],
            [
                "4",
                "6"
            ]
        ],
        "4": [
            [
                "1",
                "3"
            ],
            [
                "1",
                "2"
            ],
            [
                "7",
                "8"
            ],
            [
                "1",
                "8"
            ],
            [
                "6",
                "10"
            ],
            [
                "5",
                "8"
            ],
            [
                "1",
                "7"
            ],
            [
                "2",
                "3"
            ],
            [
                "5",
                "6"
            ],
            [
                "9",
                "10"
            ],
            [
                "2",
                "6"
            ],
            [
                "6",
                "9"
            ],
            [
                "4",
                "7"
            ],
            [
                "4",
                "5"
            ]
        ],
        "5": [
            [
                "4",
                "10"
            ],
            [
                "2",
                "8"
            ],
            [
                "6",
                "9"
            ],
            [
                "6",
                "8"
            ],
            [
                "1",
                "8"
            ],
            [
                "5",
                "9"
            ],
            [
                "1",
                "3"
            ],
            [
                "1",
                "5"
            ],
            [
                "4",
                "6"
            ]
        ],
        "6": [
            [
                "4",
                "9"
            ],
            [
                "3",
                "5"
            ],
            [
                "2",
                "4"
            ],
            [
                "1",
                "4"
            ],
            [
                "3",
                "4"
            ],
            [
                "3",
                "8"
            ],
            [
                "1",
                "9"
            ],
            [
                "2",
                "10"
            ],
            [
                "1",
                "2"
            ],
            [
                "3",
                "10"
            ],
            [
                "8",
                "10"
            ]
        ],
        "7": [
            [
                "6",
                "9"
            ],
            [
                "6",
                "10"
            ],
            [
                "3",
                "5"
            ],
            [
                "4",
                "6"
            ],
            [
                "1",
                "6"
            ],
            [
                "7",
                "10"
            ],
            [
                "5",
                "7"
            ],
            [
                "1",
                "5"
            ],
            [
                "3",
                "10"
            ],
            [
                "2",
                "7"
            ],
            [
                "1",
                "9"
            ]
        ],
        "8": [
            [
                "3",
                "5"
            ],
            [
                "2",
                "7"
            ],
            [
                "3",
                "7"
            ],
            [
                "6",
                "10"
            ],
            [
                "5",
                "7"
            ],
            [
                "6",
                "7"
            ],
            [
                "3",
                "9"
            ],
            [
                "8",
                "9"
            ],
            [
                "5",
                "6"
            ],
            [
                "5",
                "8"
            ],
            [
                "1",
                "8"
            ],
            [
                "4",
                "5"
            ],
            [
                "4",
                "7"
            ],
            [
                "1",
                "3"
            ],
            [
                "2",
                "4"
            ],
            [
                "1",
                "2"
            ],
            [
                "1",
                "4"
            ],
            [
                "2",
                "10"
            ]
        ],
        "9": [
            [
                "1",
                "9"
            ],
            [
                "3",
                "9"
            ],
            [
                "1",
                "7"
            ],
            [
                "2",
                "5"
            ],
            [
                "5",
                "9"
            ],
            [
                "2",
                "9"
            ],
            [
                "2",
                "7"
            ]
        ],