{
    "NAME": "random-10-0.10-0",
    "TYPE": "TSPSD",
    "COMMENT": "10 random locations, 0.1 goal degree after n/2 deletes",
    "EDGE_WEIGHT_TYPE": "EUC_2D",
    "DIMENSION": 10,
    "GROUPS": [
        23,
        21,
        22,
        27,
        21,
        21,
        31,
        27,
        23,
        24
    ],
    "GROUPS_SUM": 240,
    "EXP_DEGREE_HALF": 0.19841269841269948,
    "EXP_DEGREES": [
        9.0,
        4.2,
        2.0044444444444425,
        0.956666666666667,
        0.446666666666669,
        0.19841269841269948,
        0.07904761904761948,
        0.025000000000000355,
        0.004444444444445139,
        0.0,
        0.0
    ],
    "EXP_REMOVED_EDGES": [
        0.0,
        24.0,
        34.97777777777779,
        40.21666666666666,
        42.76666666666666,
        44.0079365079365,
        44.6047619047619,
        44.875,
        44.977777777777774,
        45,
        45
    ],
    "NODE_COORDS": {
        "1": [
            17,
            8
        ],
        "2": [
            31,
            36
        ],
        "3": [
            25,
            66
        ],
        "4": [
            34,
            76
        ],
        "5": [
            22,
            93
        ],
        "6": [
            70,
            15
        ],
        "7": [
            18,
            56
        ],
        "8": [
            36,
            10
        ],
        "9": [
            39,
            75
        ],
        "10": [
            87,
            88
        ]
    },
    "DELETE": {
        "1": [
            [
                "1",
                "7"
            ],
            [
                "2",
                "8"
            ],
            [
                "7",
                "9"
            ],
            [
                "5",
                "8"
            ],
            [
                "4",
                "5"
            ],
            [
                "1",
                "4"
            ],
            [
                "4",
                "10"
            ],
            [
                "1",
                "3"
            ],
            [
                "6",
                "9"
            ],
            [
                "2",
                "9"
            ],
            [
                "9",
                "10"
            ],
            [
                "1",
                "9"
            ],
            [
                "3",
                "9"
            ],
            [
                "2",
                "5"
            ],
            [
                "5",
                "9"
            ],
            [
                "3",
                "8"
            ],
            [
                "4",
                "7"
            ],
            [
                "3",
                "10"
            ],
            [
                "5",
                "7"
            ],
            [
                "2",
                "7"
            ],
            [
                "3",
                "5"
            ],
            [
                "5",
                "10"
            ],
            [
                "7",
                "10"
            ]
        ],
        "2": [
            [
                "4",
                "6"
            ],
            [
                "2",
                "7"
            ],
            [
                "1",
                "2"
            ],
            [
                "1",
                "7"
            ],
            [
                "2",
                "5"
            ],
            [
                "7",
                "9"
            ],
            [
                "2",
                "9"
            ],
            [
                "1",
                "5"
            ],
            [
                "3",
                "7"
            ],
            [
                "1",
                "6"
            ],
            [
                "3",
                "6"
            ],
            [
                "4",
                "5"
            ],
            [
                "6",
                "10"
            ],
            [
                "4",
                "7"
            ],
            [
                "4",
                "10"
            ],
            [
                "9",
                "10"
            ],
            [
                "3",
                "9"
            ],
            [
                "3",
                "8"
            ],
            [
                "1",
                "10"
            ],
            [
                "2",
                "10"
            ],
            [
                "1",
                "4"
            ]
        ],
        "3": [
            [
                "6",
                "9"
            ],
            [
                "1",
                "10"
            ],
            [
                "4",
                "6"
            ],
            [
                "2",
                "6"
            ],
            [
                "2",
                "4"
            ],
            [
                "4",
                "5"
            ],
            [
                "5",
                "10"
            ],
            [
                "9",
                "10"
            ],
            [
                "4",
                "10"
            ],
            [
                "2",
                "3"
            ],
            [
                "6",
                "8"
            ],
            [
                "5",
                "8"
            ],
            [
                "7",
                "9"
            ],
            [
                "5",
                "6"
            ],
            [
                "5",
                "7"
            ],
            [
                "3",
                "6"
            ],
            [
                "7",
                "10"
            ],
            [
                "1",
                "7"
            ],
            [
                "6",
                "10"
            ],
            [
                "1",
                "9"
            ],
            [
                "3",
                "4"
            ],
            [
                "5",
                "9"
            ]
        ],