{
    "NAME": "random-10-0.40-0",
    "TYPE": "TSPSD",
    "COMMENT": "10 random locations, 0.4 goal degree after n/2 deletes",
    "EDGE_WEIGHT_TYPE": "EUC_2D",
    "DIMENSION": 10,
    "GROUPS": [
        18,
        16,
        16,
        24,
        19,
        19,
        23,
        25,
        15,
        19
    ],
    "GROUPS_SUM": 194,
    "EXP_DEGREE_HALF": 0.4912698412698422,
    "EXP_DEGREES": [
        9.0,
        5.119999999999999,
        2.9022222222222194,
        1.6350000000000007,
        0.908571428571431,
        0.4912698412698422,
        0.25333333333333385,
        0.12166666666666615,
        0.053333333333334565,
        0.019999999999999574,
        0.0
    ],
    "EXP_REMOVED_EDGES": [
        0.0,
        19.400000000000002,
        30.488888888888905,
        36.824999999999996,
        40.45714285714284,
        42.54365079365079,
        43.733333333333334,
        44.391666666666666,
        44.73333333333333,
        44.9,
        45
    ],
    "NODE_COORDS": {
        "1": [
            17,
            8
        ],
        "2": [
            31,
            36
        ],
        "3": [
            25,
            66
        ],
        "4": [
            34,
            76
        ],
        "5": [
            22,
            93
        ],
        "6": [
            70,
            15
        ],
        "7": [
            18,
            56
        ],
        "8": [
            36,
            10
        ],
        "9": [
            39,
            75
        ],
        "10": [
            87,
            88
        ]
    },
    "DELETE": {
        "1": [
            [
                "1",
                "7"
            ],
            [
                "2",
                "8"
            ],
            [
                "7",
                "9"
            ],
            [
                "5",
                "8"
            ],
            [
                "4",
                "5"
            ],
            [
                "1",
                "4"
            ],
            [
                "4",
                "10"
            ],
            [
                "1",
                "3"
            ],
            [
                "6",
                "9"
            ],
            [
                "2",
                "9"
            ],
            [
                "9",
                "10"
            ],
            [
                "1",
                "9"
            ],
            [
                "3",
                "9"
            ],
            [
                "2",
                "5"
            ],
            [
                "5",
                "9"
            ],
            [
                "3",
                "8"
            ],
            [
                "4",
                "7"
            ],
            [
                "3",
                "10"
            ]
        ],
        "2": [
            [
                "4",
                "6"
            ],
            [
                "2",
                "7"
            ],
            [
                "1",
                "2"
            ],
            [
                "1",
                "7"
            ],
            [
                "2",
                "5"
            ],
            [
                "7",
                "9"
            ],
            [
                "2",
                "9"
            ],
            [
                "1",
                "5"
            ],
            [
                "3",
                "7"
            ],
            [
                "1",
                "6"
            ],
            [
                "3",
                "6"
            ],
            [
                "4",
                "5"
            ],
            [
                "6",
                "10"
            ],
            [
                "4",
                "7"
            ],
            [
                "4",
                "10"
            ],
            [
                "9",
                "10"
            ]
        ],
        "3": [
            [
                "6",
                "9"
            ],
            [
                "1",
                "10"
            ],
            [
                "4",
                "6"
            ],
            [
                "2",
                "6"
            ],
            [
                "2",
                "4"
            ],
            [
                "4",
                "5"
            ],
            [
                "5",
                "10"
            ],
            [
                "9",
                "10"
            ],
            [
                "4",
                "10"
            ],
            [
                "2",
                "3"
            ],
            [
                "6",
                "8"
            ],
            [
                "5",
                "8"
            ],
            [
                "7",
                "9"
            ],
            [
                "5",
                "6"
            ],
            [
                "5",
                "7"
            ],
            [
                "3",
                "6"
            ]
        ],
        "4": [
            [
                "1",
                "3"
            ],
            [
                "1",
                "2"
            ],
            [
                "7",
                "8"
            ],
            [
                "1",
                "8"
            ],
            [
                "6",
                "10"
            ],
            [
                "5",
                "8"
            ],
            [
                "1",
                "7"
            ],
            [
                "2",
                "3"
            ],
            [
                "5",
                "6"
            ],
            [
                "9",
                "10"
            ],
            [
                "2",
                "6"
            ],
            [
                "6",
                "9"
            ],
            [
                "4",
                "7"
            ],
            [
                "4",
                "5"
            ],
            [
                "2",
                "8"
            ],
            [
                "5",
                "7"
            ],
            [
                "6",
                "7"
            ],
            [
                "3",
                "8"
            ],
            [
                "1",
                "10"
            ],
            [
                "3",
                "7"
            ],
            [
                "2",
                "10"
            ],
            [
                "7",
                "10"
            ],
            [
                "3",
                "10"
            ],
            [
                "3",
                "4"
            ]
        ],